iteration,SteepestDescent,CG,BiCGSTAB
0,1.0000000000e+000,1.0000000000e+000,1.0000000000e+000
1,2.0659604484e+000,2.0659604484e+000,9.3118152820e-001
2,1.0431507324e+000,1.3579031697e+000,5.8428411771e-001
3,7.9468207239e-001,9.5771433094e-001,3.6328864954e-001
4,6.6756671923e-001,6.8254688561e-001,2.2560383071e-001
5,6.0872770781e-001,5.0093644740e-001,1.2691980032e-001
6,5.6220213647e-001,4.3935482257e-001,6.7124127706e-002
7,5.5688653485e-001,2.6546591407e-001,2.8535836107e-002
8,5.1972911439e-001,1.7068218220e-001,7.0748027663e-003
9,4.8783733776e-001,7.2882772063e-002,1.4423228738e-003
10,4.8679879622e-001,2.1701684926e-002,6.2636073248e-004
11,4.6179445383e-001,5.4081720185e-003,2.2776778128e-004
12,4.6202415124e-001,4.8628042770e-003,7.7072549468e-005
13,4.3972874753e-001,3.2390119143e-003,1.3220563508e-005
14,4.4067984781e-001,1.1841120793e-003,3.4509838324e-006
15,4.2030894722e-001,9.0310344448e-004,1.2993472229e-006
16,4.2170476757e-001,3.6122122016e-004,2.5730866541e-007
17,4.0280820660e-001,1.8105234163e-004,6.5335796761e-008
18,4.0448201629e-001,7.8031636155e-005,9.5172538975e-009
19,3.8676978521e-001,2.8980574687e-005,1.5018301636e-009
20,3.8861425239e-001,9.8023444563e-006,1.2557763715e-010
21,3.7188650156e-001,2.3632033766e-006,1.0709784061e-011
22,3.7382987951e-001,6.3384621343e-007,
23,3.5794302955e-001,1.9035132617e-007,
24,3.5993618515e-001,9.3969054167e-008,
25,3.4478431017e-001,1.6894683007e-008,
26,3.4679312289e-001,3.0832030136e-009,
27,3.3229655663e-001,8.0393370819e-010,
28,3.3429722242e-001,2.0874861978e-010,
29,3.2039497897e-001,3.0588923557e-011,
30,3.2237095774e-001,,
31,3.0901543878e-001,,
32,3.1095537853e-001,,
33,2.9810860717e-001,,
34,3.0000488598e-001,,
35,2.8763582143e-001,,
36,2.8948350376e-001,,
37,2.7756613426e-001,,
38,2.7936221685e-001,,
39,2.6787421066e-001,,
40,2.6961707549e-001,,
41,2.5853882851e-001,,
42,2.6022784546e-001,,
43,2.4954180862e-001,,
44,2.5117704691e-001,,
45,2.4086724964e-001,,
46,2.4244926854e-001,,
47,2.3250097969e-001,,
48,2.3403067684e-001,,
49,2.2443016173e-001,,
50,2.2590866349e-001,,
51,2.1664300848e-001,,
52,2.1807159077e-001,,
53,2.0912857522e-001,,
54,2.1050860666e-001,,
55,2.0187660845e-001,,
56,2.0320950953e-001,,
57,1.9487743425e-001,,
58,1.9616464828e-001,,
59,1.8812187540e-001,,
60,1.8936484790e-001,,
61,1.8160118894e-001,,
62,1.8280135323e-001,,
63,1.7530701870e-001,,
64,1.7646578589e-001,,
65,1.6923135850e-001,,
66,1.7035011069e-001,,
67,1.6336652320e-001,,
68,1.6444660904e-001,,
69,1.5770512546e-001,,
70,1.5874785728e-001,,
71,1.5224005661e-001,,
72,1.5324670889e-001,,
73,1.4696447078e-001,,
74,1.4793627929e-001,,
75,1.4187177116e-001,,
76,1.4280993282e-001,,
77,1.3695559810e-001,,
78,1.3786127126e-001,,
79,1.3220981855e-001,,
80,1.3308412349e-001,,
81,1.2762851643e-001,,
82,1.2847253612e-001,,
83,1.2320598392e-001,,
84,1.2402076491e-001,,
85,1.1893671333e-001,,
86,1.1972326669e-001,,
87,1.1481538950e-001,,
88,1.1557469186e-001,,
89,1.1083688271e-001,,
90,1.1156987723e-001,,
91,1.0699624183e-001,,
92,1.0770383933e-001,,
93,1.0328868799e-001,,
94,1.0397176793e-001,,
95,9.9709608324e-002,,
96,1.0036901985e-001,,
97,9.6254550188e-002,,
98,9.6891113140e-002,,
99,9.2919215448e-002,,
100,9.3533721337e-002,,
101,8.9699455091e-002,,
102,9.0292668061e-002,,
103,8.6591263994e-002,,
104,8.7163921756e-002,,
105,8.3590775914e-002,,
106,8.4143590646e-002,,
107,8.0694258642e-002,,
108,8.1227917867e-002,,
109,7.7898109343e-002,,
110,7.8413276778e-002,,
111,7.5198850058e-002,,
112,7.5696166435e-002,,
113,7.2593123373e-002,,
114,7.3073207228e-002,,
115,7.0077688227e-002,,
116,7.0541136670e-002,,
117,6.7649415879e-002,,
118,6.8096805335e-002,,
119,6.5305286015e-002,,
120,6.5737172936e-002,,
121,6.3042382981e-002,,
122,6.3459304542e-002,,
123,6.0857892162e-002,,
124,6.1260366926e-002,,
125,5.8749096476e-002,,
126,5.9137625037e-002,,
127,5.6713372992e-002,,
128,5.7088438600e-002,,
129,5.4748189670e-002,,
130,5.5110258830e-002,,
131,5.2851102209e-002,,
132,5.3200625262e-002,,
133,5.1019751007e-002,,
134,5.1357162688e-002,,
135,4.9251858225e-002,,
136,4.9577578207e-002,,
137,4.7545224956e-002,,
138,4.7859658369e-002,,
139,4.5897728485e-002,,
140,4.6201266421e-002,,
141,4.4307319654e-002,,
142,4.4600339654e-002,,
143,4.2772020311e-002,,
144,4.3054886833e-002,,
145,4.1289920849e-002,,
146,4.1562985723e-002,,
147,3.9859177830e-002,,
148,4.0122780693e-002,,
149,3.8478011695e-002,,
150,3.8732480418e-002,,
151,3.7144704548e-002,,
152,3.7390355638e-002,,
153,3.5857598019e-002,,
154,3.6094737018e-002,,
155,3.4615091206e-002,,
156,3.4844013067e-002,,
157,3.3415638675e-002,,
158,3.3636628132e-002,,
159,3.2257748548e-002,,
160,3.2471080467e-002,,
161,3.1139980639e-002,,
162,3.1345920363e-002,,
163,3.0060944668e-002,,
164,3.0259748345e-002,,
165,2.9019298528e-002,,
166,2.9211213430e-002,,
167,2.8013746619e-002,,
168,2.8199011450e-002,,
169,2.7043038234e-002,,
170,2.7221883427e-002,,
171,2.6105966007e-002,,
172,2.6278614009e-002,,
173,2.5201364404e-002,,
174,2.5368029955e-002,,
175,2.4328108283e-002,,
176,2.4488998682e-002,,
177,2.3485111485e-002,,
178,2.3640426848e-002,,
179,2.2671325492e-002,,
180,2.2821258999e-002,,
181,2.1885738114e-002,,
182,2.2030476254e-002,,
183,2.1127372239e-002,,
184,2.1267095036e-002,,
185,2.0395284609e-002,,
186,2.0530165851e-002,,
187,1.9688564653e-002,,
188,1.9818772106e-002,,
189,1.9006333353e-002,,
190,1.9132028968e-002,,
191,1.8347742148e-002,,
192,1.8469082267e-002,,
193,1.7711971882e-002,,
194,1.7829107427e-002,,
195,1.7098231783e-002,,
196,1.7211308448e-002,,
197,1.6505758482e-002,,
198,1.6614916910e-002,,
199,1.5933815058e-002,,
200,1.6039191022e-002,,
201,1.5381690129e-002,,
202,1.5483414695e-002,,
203,1.4848696960e-002,,
204,1.4946896654e-002,,
205,1.4334172615e-002,,
206,1.4428969577e-002,,
207,1.3837477128e-002,,
208,1.3928989266e-002,,
209,1.3357992707e-002,,
210,1.3446333845e-002,,
211,1.2895122970e-002,,
212,1.2980402987e-002,,
213,1.2448292200e-002,,
214,1.2530617166e-002,,
215,1.2016944627e-002,,
216,1.2096416939e-002,,
217,1.1600543742e-002,,
218,1.1677262247e-002,,
219,1.1198571623e-002,,
220,1.1272631745e-002,,
221,1.0810528299e-002,,
222,1.0882022152e-002,,
223,1.0435931120e-002,,
224,1.0504947629e-002,,
225,1.0074314162e-002,,
226,1.0140939170e-002,,
227,9.7252276451e-003,,
228,9.7895440210e-003,,
229,9.3882373759e-003,,
230,9.4503251157e-003,,
231,9.0629242053e-003,,
232,9.1228605338e-003,,
233,8.7488835083e-003,,
234,8.8067429745e-003,,
235,8.4457246810e-003,,
236,8.5015792504e-003,,
237,8.1530706540e-003,,
238,8.2069897987e-003,,
239,7.8705574240e-003,,
240,7.9226082086e-003,,
241,7.5978336008e-003,,
242,7.6480807661e-003,,
243,7.3345599702e-003,,
244,7.3830660138e-003,,
245,7.0804090723e-003,,
246,7.1272343259e-003,,
247,6.8350647939e-003,,
248,6.8802674988e-003,,
249,6.5982219755e-003,,
250,6.6418583550e-003,,
251,6.3695860319e-003,,
252,6.4117103609e-003,,
253,6.1488725854e-003,,
254,6.1895372582e-003,,
255,5.9358071124e-003,,
256,5.9750627078e-003,,
257,5.7301246020e-003,,
258,5.7680199460e-003,,
259,5.5315692260e-003,,
260,5.5681514530e-003,,
261,5.3398940210e-003,,
262,5.3752086320e-003,,
263,5.1548605813e-003,,
264,5.1889515006e-003,,
265,4.9762387620e-003,,
266,5.0091483919e-003,,
267,4.8038063933e-003,,
268,4.8355756668e-003,,
269,4.6373490035e-003,,
270,4.6680174353e-003,,
271,4.4766595527e-003,,
272,4.5062652883e-003,,
273,4.3215381754e-003,,
274,4.3501180384e-003,,
275,4.1717919314e-003,,
276,4.1993814694e-003,,
277,4.0272345661e-003,,
278,4.0538680950e-003,,
279,3.8876862790e-003,,
280,3.9133969257e-003,,
281,3.7529734998e-003,,
282,3.7777932432e-003,,
283,3.6229286727e-003,,
284,3.6468883835e-003,,
285,3.4973900476e-003,,
286,3.5205195270e-003,,
287,3.3762014797e-003,,
288,3.3985294961e-003,,
289,3.2592122343e-003,,
290,3.2807665595e-003,,
291,3.1462768003e-003,,
292,3.1670842434e-003,,
293,3.0372547084e-003,,
294,3.0573411498e-003,,
295,2.9320103568e-003,,
296,2.9514007800e-003,,
297,2.8304128426e-003,,
298,2.8491313654e-003,,
299,2.7323357986e-003,,
300,2.7504057032e-003,,
301,2.6376572365e-003,,
302,2.6551009982e-003,,
303,2.5462593952e-003,,
304,2.5630987105e-003,,
305,2.4580285938e-003,,
306,2.4742844076e-003,,
307,2.3728550909e-003,,
308,2.3885476221e-003,,
309,2.2906329475e-003,,
310,2.3057817146e-003,,
311,2.2112598959e-003,,
312,2.2258837408e-003,,
313,2.1346372116e-003,,
314,2.1487543235e-003,,
315,2.0606695915e-003,,
316,2.0742975292e-003,,
317,1.9892650345e-003,,
318,2.0024207485e-003,,
319,1.9203347276e-003,,
320,1.9330345811e-003,,
321,1.8537929355e-003,,
322,1.8660527245e-003,,
323,1.7895568934e-003,,
324,1.8013918665e-003,,
325,1.7275467045e-003,,
326,1.7389715823e-003,,
327,1.6676852408e-003,,
328,1.6787142334e-003,,
329,1.6098980466e-003,,
330,1.6205448718e-003,,
331,1.5541132463e-003,,
332,1.5643911467e-003,,
333,1.5002614551e-003,,
334,1.5101832143e-003,,
335,1.4482756921e-003,,
336,1.4578536508e-003,,
337,1.3980912979e-003,,
338,1.4073373692e-003,,
339,1.3496458534e-003,,
340,1.3585715374e-003,,
341,1.3028791025e-003,,
342,1.3114955011e-003,,
343,1.2577328774e-003,,
344,1.2660507074e-003,,
345,1.2141510256e-003,,
346,1.2221806329e-003,,
347,1.1720793408e-003,,
348,1.1798307124e-003,,
349,1.1314654951e-003,,
350,1.1389482722e-003,,
351,1.0922589739e-003,,
352,1.0994824635e-003,,
353,1.0544110135e-003,,
354,1.0613842000e-003,,
355,1.0178745401e-003,,
356,1.0246060966e-003,,
357,9.8260411112e-004,,
358,9.8910241025e-004,,
359,9.4855585943e-004,,
360,9.5482898356e-004,,
361,9.1568743821e-004,,
362,9.2174318963e-004,,
363,8.8395796863e-004,,
364,8.8980387922e-004,,
365,8.5332798902e-004,,
366,8.5897132962e-004,,
367,8.2375940589e-004,,
368,8.2920719532e-004,,
369,7.9521544672e-004,,
370,8.0047446049e-004,,
371,7.6766061429e-004,,
372,7.7273739304e-004,,
373,7.4106064273e-004,,
374,7.4596150034e-004,,
375,7.1538245512e-004,,
376,7.2011348654e-004,,
377,6.9059412254e-004,,
378,6.9516121135e-004,,
379,6.6666482466e-004,,
380,6.7107365036e-004,,
381,6.4356481172e-004,,
382,6.4782085679e-004,,
383,6.2126536794e-004,,
384,6.2537392456e-004,,
385,5.9973877622e-004,,
386,6.0370495288e-004,,
387,5.7895828420e-004,,
388,5.8278701196e-004,,
389,5.5889807164e-004,,
390,5.6259411021e-004,,
391,5.3953321902e-004,,
392,5.4310116263e-004,,
393,5.2083967742e-004,,
394,5.2428396038e-004,,
395,5.0279423955e-004,,
396,5.0611914175e-004,,
397,4.8537451212e-004,,
398,4.8858416416e-004,,
399,4.6855888924e-004,,
400,4.7165727744e-004,,
401,4.5232652711e-004,,
402,4.5531749829e-004,,
403,4.3665731980e-004,,
404,4.3954458583e-004,,
405,4.2153187617e-004,,
406,4.2431901833e-004,,
407,4.0693149783e-004,,
408,4.0962197096e-004,,
409,3.9283815819e-004,,
410,3.9543529458e-004,,
411,3.7923448241e-004,,
412,3.8174149549e-004,,
413,3.6610372810e-004,,
414,3.6852371589e-004,,
415,3.5342976669e-004,,
416,3.5576571502e-004,,
417,3.4119706511e-004,,
418,3.4345185052e-004,,
419,3.2939066741e-004,,
420,3.3156705992e-004,,
421,3.1799617581e-004,,
422,3.2009684141e-004,,
423,3.0699973067e-004,,
424,3.0902723366e-004,,
425,2.9638798847e-004,,
426,2.9834479380e-004,,
427,2.8614809710e-004,,
428,2.8803657289e-004,,
429,2.7626766776e-004,,
430,2.7809008823e-004,,
431,2.6673474273e-004,,
432,2.6849329207e-004,,
433,2.5753775912e-004,,
434,2.5923453668e-004,,
435,2.4866550905e-004,,
436,2.5030253638e-004,,
437,2.4010709789e-004,,
438,2.4168632794e-004,,
439,2.3185190309e-004,,
440,2.3337523147e-004,,
441,2.2388953690e-004,,
442,2.2535881457e-004,,
443,2.1620981671e-004,,
444,2.1762686267e-004,,
445,2.0880274602e-004,,
446,2.1016935803e-004,,
447,2.0165850808e-004,,
448,2.0297646941e-004,,
449,1.9476747202e-004,,
450,1.9603855277e-004,,
451,1.8812021003e-004,,
452,1.8934616271e-004,,
453,1.8170752225e-004,,
454,1.8289007262e-004,,
455,1.7552046547e-004,,
456,1.7666130083e-004,,
457,1.6955038194e-004,,
458,1.7065113912e-004,,
459,1.6378892448e-004,,
460,1.6485117974e-004,,
461,1.5822807566e-004,,
462,1.5925333766e-004,,
463,1.5286015927e-004,,
464,1.5384986548e-004,,
465,1.4767784385e-004,,
466,1.4863336009e-004,,
467,1.4267413880e-004,,
468,1.4359676112e-004,,
469,1.3784238430e-004,,
470,1.3873334248e-004,,
471,1.3317623677e-004,,
472,1.3403669865e-004,,
473,1.2866965144e-004,,
474,1.2950072757e-004,,
475,1.2431686358e-004,,
476,1.2511961176e-004,,
477,1.2011236952e-004,,
478,1.2088779909e-004,,
479,1.1605090832e-004,,
480,1.1679998405e-004,,
481,1.1212744459e-004,,
482,1.1285109013e-004,,
483,1.0833715281e-004,,
484,1.0903625371e-004,,
485,1.0467540311e-004,,
486,1.0535080946e-004,,
487,1.0113774859e-004,,
488,1.0179027739e-004,,
489,9.7719914071e-005,,
490,9.8350351180e-005,,
491,9.4417786011e-005,,
492,9.5026887991e-005,,
493,9.1227403626e-005,,
494,9.1815899281e-005,,
495,8.8144950901e-005,,
496,8.8713542685e-005,,
497,8.5166749429e-005,,
498,8.5716114707e-005,,
499,8.2289251958e-005,,
500,8.2820044140e-005,,
501,7.9509036499e-005,,
502,8.0021886083e-005,,
503,7.6822800955e-005,,
504,7.7318316477e-005,,
505,7.4227358151e-005,,
506,7.4706127073e-005,,
507,7.1719631233e-005,,
508,7.2182220766e-005,,
509,6.9296649375e-005,,
510,6.9743607249e-005,,
511,6.6955543745e-005,,
512,6.7387398938e-005,,
513,6.4693543711e-005,,
514,6.5110807134e-005,,
515,6.2507973242e-005,,
516,6.2911138396e-005,,
517,6.0396247501e-005,,
518,6.0785791093e-005,,
519,5.8355869589e-005,,
520,5.8732252130e-005,,
521,5.6384427443e-005,,
522,5.6748093813e-005,,
523,5.4479590862e-005,,
524,5.4830970854e-005,,
525,5.2639108665e-005,,
526,5.2978617507e-005,,
527,5.0860805951e-005,,
528,5.1188844809e-005,,
529,4.9142581476e-005,,
530,4.9459537936e-005,,
531,4.7482405123e-005,,
532,4.7788653655e-005,,
533,4.5878315469e-005,,
534,4.6174217877e-005,,
535,4.4328417440e-005,,
536,4.4614323293e-005,,
537,4.2830880053e-005,,
538,4.3107127096e-005,,
539,4.1383934230e-005,,
540,4.1650848795e-005,,
541,3.9985870701e-005,,
542,4.0243768087e-005,,
543,3.8635037974e-005,,
544,3.8884222822e-005,,
545,3.7329840371e-005,,
546,3.7570607029e-005,,
547,3.6068736143e-005,,
548,3.6301369011e-005,,
549,3.4850235639e-005,,
550,3.5075009507e-005,,
551,3.3672899547e-005,,
552,3.3890079919e-005,,
553,3.2535337185e-005,,
554,3.2745180597e-005,,
555,3.1436204864e-005,,
556,3.1638959181e-005,,
557,3.0374204291e-005,,
558,3.0570109006e-005,,
559,2.9348081037e-005,,
560,2.9537367551e-005,,
561,2.8356623058e-005,,
562,2.8539514952e-005,,
563,2.7398659256e-005,,
564,2.7575372560e-005,,
565,2.6473058099e-005,,
566,2.6643801544e-005,,
567,2.5578726283e-005,,
568,2.5743701548e-005,,
569,2.4714607439e-005,,
570,2.4874009389e-005,,
571,2.3879680889e-005,,
572,2.4033697806e-005,,
573,2.3072960433e-005,,
574,2.3221774240e-005,,
575,2.2293493192e-005,,
576,2.2437279663e-005,,
577,2.1540358476e-005,,
578,2.1679287449e-005,,
579,2.0812666699e-005,,
580,2.0946902273e-005,,
581,2.0109558329e-005,,
582,2.0239259061e-005,,
583,1.9430202870e-005,,
584,1.9555521959e-005,,
585,1.8773797885e-005,,
586,1.8894883355e-005,,
587,1.8139568044e-005,,
588,1.8256562917e-005,,
589,1.7526764208e-005,,
590,1.7639806677e-005,,
591,1.6934662551e-005,,
592,1.7043886138e-005,,
593,1.6362563695e-005,,
594,1.6468097413e-005,,
595,1.5809791891e-005,,
596,1.5911760394e-005,,
597,1.5275694219e-005,,
598,1.5374217949e-005,,
599,1.4759639817e-005,,
600,1.4854835148e-005,,
601,1.4261019133e-005,,
602,1.4352998507e-005,,
603,1.3779243208e-005,,
604,1.3868115270e-005,,
605,1.3313742982e-005,,
606,1.3399612704e-005,,
607,1.2863968617e-005,,
608,1.2946937427e-005,,
609,1.2429388851e-005,,
610,1.2509554749e-005,,
611,1.2009490368e-005,,
612,1.2086948045e-005,,
613,1.1603777196e-005,,
614,1.1678618142e-005,,
615,1.1211770115e-005,,
616,1.1284082731e-005,,
617,1.0833006098e-005,,
618,1.0902875797e-005,,
619,1.0467037757e-005,,
620,1.0534547068e-005,,
621,1.0113432819e-005,,
622,1.0178661483e-005,,
623,9.7717736157e-006,,
624,9.8347986781e-006,,
625,9.4416565874e-006,,
626,9.5025524922e-006,,
627,9.1226918081e-006,,
628,9.1815304840e-006,,
629,8.8145025246e-006,,
630,8.8713534703e-006,,
631,8.5167247113e-006,,
632,8.5716550778e-006,,
633,8.2290066406e-006,,
634,8.2820813103e-006,,
635,7.9510084670e-006,,
636,8.0022901304e-006,,
637,7.6824018261e-006,,
638,7.7319510557e-006,,
639,7.4228694463e-006,,
640,7.4707447685e-006,,
641,7.1721047746e-006,,
642,7.2183627385e-006,,
643,6.9298116140e-006,,
644,6.9745068584e-006,,
645,6.6957037738e-006,,
646,6.7388890915e-006,,
647,6.4695047316e-006,,
648,6.5112311322e-006,,
649,6.2509473069e-006,,
650,6.2912640764e-006,,
651,6.0397733451e-006,,
652,6.0787281047e-006,,
653,5.8357334127e-006,,
654,5.8733721748e-006,,
655,5.6385865029e-006,,
656,5.6749537255e-006,,
657,5.4480997506e-006,,
658,5.4832383898e-006,,
659,5.2640481578e-006,,
660,5.2979997183e-006,,
661,5.0862143271e-006,,
662,5.1190189118e-006,,
663,4.9143882058e-006,,
664,4.9460845626e-006,,
665,4.7483668371e-006,,
666,4.7789924050e-006,,
667,4.5879541208e-006,,
668,4.6175450739e-006,,
669,4.4329605813e-006,,
670,4.4615518717e-006,,
671,4.2832031441e-006,,
672,4.3108285431e-006,,
673,4.1385049195e-006,,
674,4.1651970576e-006,,
675,3.9986949936e-006,,
676,4.0244853988e-006,,
677,3.8636082263e-006,,
678,3.8885273617e-006,,
679,3.7330850566e-006,,
680,3.7571623560e-006,,
681,3.6069713138e-006,,
682,3.6302352166e-006,,
683,3.4851180353e-006,,
684,3.5075960204e-006,,
685,3.3673812913e-006,,
686,3.3890999091e-006,,
687,3.2536220140e-006,,
688,3.2746069179e-006,,
689,3.1437058337e-006,,
690,3.1639818106e-006,,
691,3.0375029203e-006,,
692,3.0570939197e-006,,
693,2.9348878294e-006,,
694,2.9538169917e-006,,
695,2.8357393548e-006,,
696,2.8540290386e-006,,
697,2.7399403847e-006,,
698,2.7576121934e-006,,
699,2.6473777637e-006,,
700,2.6644525707e-006,,
701,2.5579421593e-006,,
702,2.5744401330e-006,,
703,2.4715279322e-006,,
704,2.4874685596e-006,,
705,2.3880330122e-006,,
706,2.4034351220e-006,,
707,2.3073587772e-006,,
708,2.3222405619e-006,,
709,2.2294099367e-006,,
710,2.2437889743e-006,,
711,2.1540944196e-006,,
712,2.1679876943e-006,,
713,2.0813232650e-006,,
714,2.0947471872e-006,,
715,2.0110105175e-006,,
716,2.0239809432e-006,,
717,1.9430731254e-006,,
718,1.9556053749e-006,,
719,1.8774308427e-006,,
720,1.8895397188e-006,,
721,1.8140061345e-006,,
722,1.8257059399e-006,,
723,1.7527240850e-006,,
724,1.7640286392e-006,,
725,1.6935123094e-006,,
726,1.7044349652e-006,,
727,1.6363008683e-006,,
728,1.6468545271e-006,,
729,1.5810221849e-006,,
730,1.5912193125e-006,,
731,1.5276109654e-006,,
732,1.5374636063e-006,,
733,1.4760041219e-006,,
734,1.4855239138e-006,,
735,1.4261406975e-006,,
736,1.4353388851e-006,,
737,1.3779617950e-006,,
738,1.3868492428e-006,,
739,1.3314105065e-006,,
740,1.3399977122e-006,,
741,1.2864318468e-006,,
742,1.2947289534e-006,,
743,1.2429726883e-006,,
744,1.2509894962e-006,,
745,1.2009816981e-006,,
746,1.2087276764e-006,,
747,1.1604092775e-006,,
748,1.1678935757e-006,,
749,1.1212075034e-006,,
750,1.1284389616e-006,,
751,1.0833300715e-006,,
752,1.0903172315e-006,,
753,1.0467322421e-006,,
754,1.0534833569e-006,,
755,1.0113707867e-006,,
756,1.0178938305e-006,,
757,9.7720393721e-007,,
758,9.8350661485e-007,,
759,9.4419133659e-007,,
760,9.5028109268e-007,,
761,9.1229399119e-007,,
762,9.1817801880e-007,,
763,8.8147422468e-007,,
764,8.8715947387e-007,,
765,8.5169563351e-007,,
766,8.5718881956e-007,,
767,8.2292304395e-007,,
768,8.2823065527e-007,,
769,7.9512247054e-007,,
770,8.0025077635e-007,,
771,7.6826107594e-007,,
772,7.7321613366e-007,,
773,7.4230713214e-007,,
774,7.4709479456e-007,,
775,7.1722998298e-007,,
776,7.2185590517e-007,,
777,6.9300000797e-007,,
778,6.9746965396e-007,,
779,6.6958858726e-007,,
780,6.7390723648e-007,,
781,6.4696806786e-007,,
782,6.5114082140e-007,,
783,6.2511173100e-007,,
784,6.2914351759e-007,,
785,6.0399376050e-007,,
786,6.0788934240e-007,,
787,5.8358921234e-007,,
788,5.8735319092e-007,,
789,5.6387398519e-007,,
790,5.6751080636e-007,,
791,5.4482479191e-007,,
792,5.4833875139e-007,,
793,5.2641913207e-007,,
794,5.2981438047e-007,,
795,5.0863526537e-007,,
796,5.1191581305e-007,,
797,4.9145218593e-007,,
798,4.9462190782e-007,,
799,4.7484959754e-007,,
800,4.7791223762e-007,,
801,4.5880788965e-007,,
802,4.6176706543e-007,,
803,4.4330811417e-007,,
804,4.4616732097e-007,,
805,4.2833196316e-007,,
806,4.3109457820e-007,,
807,4.1386174718e-007,,
808,4.1653103358e-007,,
809,3.9988037435e-007,,
810,4.0245948502e-007,,
811,3.8637133024e-007,,
812,3.8886331155e-007,,
813,3.7331865830e-007,,
814,3.7572645371e-007,,
815,3.6070694103e-007,,
816,3.6303339458e-007,,
817,3.4852128179e-007,,
818,3.5076914143e-007,,
819,3.3674728718e-007,,
820,3.3891920803e-007,,
821,3.2537105007e-007,,
822,3.2746959753e-007,,
823,3.1437913311e-007,,
824,3.1640678595e-007,,
825,3.0375855293e-007,,
826,3.0571770615e-007,,
827,2.9349676477e-007,,
828,2.9538973248e-007,,
829,2.8358164766e-007,,
830,2.8541066578e-007,,
831,2.7400149011e-007,,
832,2.7576871904e-007,,
833,2.6474497628e-007,,
834,2.6645250342e-007,,
835,2.5580117260e-007,,
836,2.5745101484e-007,,
837,2.4715951488e-007,,
838,2.4875362097e-007,,
839,2.3880979580e-007,,
840,2.4035004867e-007,,
841,2.3074215289e-007,,
842,2.3223037184e-007,,
843,2.2294705686e-007,,
844,2.2438499972e-007,,
845,2.1541530031e-007,,
846,2.1680466557e-007,,
847,2.0813798694e-007,,
848,2.0948041567e-007,,
849,2.0110652097e-007,,
850,2.0240359881e-007,,
851,1.9431259699e-007,,
852,1.9556585602e-007,,
853,1.8774819020e-007,,
854,1.8895911074e-007,,
855,1.8140554689e-007,,
856,1.8257555925e-007,,
857,1.7527717527e-007,,
858,1.7640766144e-007,,
859,1.6935583668e-007,,
860,1.7044813196e-007,,
861,1.6363453697e-007,,
862,1.6468993155e-007,,
863,1.5810651830e-007,,
864,1.5912625878e-007,,
865,1.5276525109e-007,,
866,1.5375054198e-007,,
867,1.4760442638e-007,,
868,1.4855643147e-007,,
869,1.4261794834e-007,,
870,1.4353779211e-007,,
871,1.3779992705e-007,,
872,1.3868869601e-007,,
873,1.3314467160e-007,,
874,1.3400341553e-007,,
875,1.2864668331e-007,,
876,1.2947641653e-007,,
877,1.2430064927e-007,,
878,1.2510235185e-007,,
879,1.2010143605e-007,,
880,1.2087605494e-007,,
881,1.1604408364e-007,,
882,1.1679253381e-007,,
883,1.1212379962e-007,,
884,1.1284696511e-007,,
885,1.0833595342e-007,,
886,1.0903468842e-007,,
887,1.0467607095e-007,,
888,1.0535120078e-007,,
889,1.0113982923e-007,,
890,1.0179215135e-007,,
891,9.7723051360e-008,,
892,9.8353336266e-008,,
893,9.4421701516e-008,,
894,9.5030693687e-008,,
895,9.1231880227e-008,,
896,9.1820298991e-008,,
897,8.8149819758e-008,,
898,8.8718360138e-008,,
899,8.5171879654e-008,,
900,8.5721213198e-008,,
901,8.2294542447e-008,,
902,8.2825318013e-008,,
903,7.9514409498e-008,,
904,8.0027254026e-008,,
905,7.6828196985e-008,,
906,7.7323716233e-008,,
907,7.4232732019e-008,,
908,7.4711511282e-008,,
909,7.1724948903e-008,,
910,7.2187553703e-008,,
911,6.9301885505e-008,,
912,6.9748862259e-008,,
913,6.6960679763e-008,,
914,6.7392556430e-008,,
915,6.4698566304e-008,,
916,6.5115853006e-008,,
917,6.2512873176e-008,,
918,6.2916062801e-008,,
919,6.0401018693e-008,,
920,6.0790587478e-008,,
921,5.8360508385e-008,,
922,5.8736916479e-008,,
923,5.6388932052e-008,,
924,5.6752624059e-008,,
925,5.4483960917e-008,,
926,5.4835366421e-008,,
927,5.2643344876e-008,,
928,5.2982878949e-008,,
929,5.0864909840e-008,,
930,5.1192973530e-008,,
931,4.9146555164e-008,,
932,4.9463535973e-008,,
933,4.7486251173e-008,,
934,4.7792523510e-008,,
935,4.5882036755e-008,,
936,4.6177962382e-008,,
937,4.4332017054e-008,,
938,4.4617945510e-008,,
939,4.2834361224e-008,,
940,4.3110630241e-008,,
941,4.1387300271e-008,,
942,4.1654236171e-008,,
943,3.9989124965e-008,,
944,4.0247043046e-008,,
945,3.8638183814e-008,,
946,3.8887388722e-008,,
947,3.7332881121e-008,,
948,3.7573667211e-008,,
949,3.6071675094e-008,,
950,3.6304326777e-008,,
951,3.4853076030e-008,,
952,3.5077868108e-008,,
953,3.3675644549e-008,,
954,3.3892842540e-008,,
955,3.2537989898e-008,,
956,3.2747850351e-008,,
957,3.1438768308e-008,,
958,3.1641539106e-008,,
959,3.0376681406e-008,,
960,3.0572602056e-008,,
961,2.9350474682e-008,,
962,2.9539776601e-008,,
963,2.8358936005e-008,,
964,2.8541842792e-008,,
965,2.7400894195e-008,,
966,2.7577621894e-008,,
967,2.6475217638e-008,,
968,2.6645974996e-008,,
969,2.5580812946e-008,,
970,2.5745801657e-008,,
971,2.4716623672e-008,,
972,2.4876038616e-008,,
973,2.3881629056e-008,,
974,2.4035658531e-008,,
975,2.3074842824e-008,,
976,2.3223668766e-008,,
977,2.2295312021e-008,,
978,2.2439110218e-008,,
979,2.1542115883e-008,,
980,2.1681056187e-008,,
981,2.0814364754e-008,,
982,2.0948611278e-008,,
983,2.0111199033e-008,,
984,2.0240910345e-008,,
985,1.9431788159e-008,,
986,1.9557117470e-008,,
987,1.8775329627e-008,,
988,1.8896424974e-008,,
989,1.8141048046e-008,,
990,1.8258052464e-008,,
991,1.7528194217e-008,,
992,1.7641245909e-008,,
993,1.6936044254e-008,,
994,1.7045276753e-008,,
995,1.6363898724e-008,,
996,1.6469441052e-008,,
997,1.5811081822e-008,,
998,1.5913058644e-008,,
999,1.5276940575e-008,,
1000,1.5375472343e-008,,
1001,1.4760844069e-008,,
1002,1.4856047166e-008,,
1003,1.4262182703e-008,,
1004,1.4354169582e-008,,
1005,1.3780367471e-008,,
1006,1.3869246783e-008,,
1007,1.3314829265e-008,,
1008,1.3400705993e-008,,
1009,1.2865018203e-008,,
1010,1.2947993782e-008,,
1011,1.2430402979e-008,,
1012,1.2510575418e-008,,
1013,1.2010470237e-008,,
1014,1.2087934233e-008,,
1015,1.1604723962e-008,,
1016,1.1679571015e-008,,
1017,1.1212684898e-008,,
1018,1.1285003413e-008,,
1019,1.0833889976e-008,,
1020,1.0903765376e-008,,
1021,1.0467891775e-008,,
1022,1.0535406595e-008,,
1023,1.0114257987e-008,,
1024,1.0179491973e-008,,
1025,9.7725709072e-009,,
1026,9.8356011119e-009,,
1027,9.4424269443e-009,,
1028,9.5033278177e-009,,
1029,9.1234361403e-009,,
1030,9.1822796169e-009,,
1031,8.8152217112e-009,,
1032,8.8720772955e-009,,
1033,8.5174196019e-009,,
1034,8.5723544503e-009,,
1035,8.2296780559e-009,,
1036,8.2827570561e-009,,
1037,7.9516572001e-009,,
1038,8.0029430476e-009,,
1039,7.6830286433e-009,,
1040,7.7325819157e-009,,
1041,7.4234750880e-009,,
1042,7.4713543164e-009,,
1043,7.1726899561e-009,,
1044,7.2189516942e-009,,
1045,6.9303770264e-009,,
1046,6.9750759175e-009,,
1047,6.6962500850e-009,,
1048,6.7394389263e-009,,
1049,6.4700325870e-009,,
1050,6.5117623920e-009,,
1051,6.2514573299e-009,,
1052,6.2917773889e-009,,
1053,6.0402661381e-009,,
1054,6.0792240761e-009,,
1055,5.8362095579e-009,,
1056,5.8738513910e-009,,
1057,5.6390465626e-009,,
1058,5.6754167524e-009,,
1059,5.4485442683e-009,,
1060,5.4836857744e-009,,
1061,5.2644776584e-009,,
1062,5.2984319891e-009,,
1063,5.0866293180e-009,,
1064,5.1194365793e-009,,
1065,4.9147891772e-009,,
1066,4.9464881202e-009,,
1067,4.7487542626e-009,,
1068,4.7793823293e-009,,
1069,4.5883284580e-009,,
1070,4.6179218255e-009,,
1071,4.4333222723e-009,,
1072,4.4619158956e-009,,
1073,4.2835526163e-009,,
1074,4.3111802693e-009,,
1075,4.1388425856e-009,,
1076,4.1655369015e-009,,
1077,3.9990212524e-009,,
1078,4.0248137619e-009,,
1079,3.8639234632e-009,,
1080,3.8888446318e-009,,
1081,3.7333896439e-009,,
1082,3.7574689078e-009,,
1083,3.6072656113e-009,,
1084,3.6305314123e-009,,
1085,3.4854023907e-009,,
1086,3.5078822098e-009,,
1087,3.3676560404e-009,,
1088,3.3893764302e-009,,
1089,3.2538874813e-009,,
1090,3.2748740974e-009,,
1091,3.1439623328e-009,,
1092,3.1642399641e-009,,
1093,3.0377507541e-009,,
1094,3.0573433520e-009,,
1095,2.9351272908e-009,,
1096,2.9540579975e-009,,
1097,2.8359707265e-009,,
1098,2.8542619026e-009,,
1099,2.7401639400e-009,,
1100,2.7578371906e-009,,
1101,2.6475937667e-009,,
1102,2.6646699669e-009,,
1103,2.5581508651e-009,,
1104,2.5746501849e-009,,
1105,2.4717295874e-009,,
1106,2.4876715154e-009,,
1107,2.3882278550e-009,,
1108,2.4036312214e-009,,
1109,2.3075470376e-009,,
1110,2.3224300365e-009,,
1111,2.2295918372e-009,,
1112,2.2439720480e-009,,
1113,2.1542701750e-009,,
1114,2.1681645833e-009,,
1115,2.0814930829e-009,,
1116,2.0949181004e-009,,
1117,2.0111745985e-009,,
1118,2.0241460824e-009,,
1119,1.9432316633e-009,,
1120,1.9557649353e-009,,
1121,1.8775840248e-009,,
1122,1.8896938889e-009,,
1123,1.8141541416e-009,,
1124,1.8258549016e-009,,
1125,1.7528670921e-009,,
1126,1.7641725687e-009,,
1127,1.6936504853e-009,,
1128,1.7045740322e-009,,
1129,1.6364343762e-009,,
1130,1.6469888961e-009,,
1131,1.5811511826e-009,,
1132,1.5913491421e-009,,
1133,1.5277356052e-009,,
1134,1.5375890500e-009,,
1135,1.4761245510e-009,,
1136,1.4856451197e-009,,
1137,1.4262570582e-009,,
1138,1.4354559963e-009,,
1139,1.3780742247e-009,,
1140,1.3869623976e-009,,
1141,1.3315191380e-009,,
1142,1.3401070444e-009,,
1143,1.2865368085e-009,,
1144,1.2948345921e-009,,
1145,1.2430741041e-009,,
1146,1.2510915660e-009,,
1147,1.2010796878e-009,,
1148,1.2088262981e-009,,
1149,1.1605039568e-009,,
1150,1.1679888656e-009,,
1151,1.1212989842e-009,,
1152,1.1285310324e-009,,
1153,1.0834184619e-009,,
1154,1.0904061919e-009,,
1155,1.0468176464e-009,,
1156,1.0535693120e-009,,
1157,1.0114533058e-009,,
1158,1.0179768818e-009,,
1159,9.7728366856e-010,,
1160,9.8358686045e-010,,
1161,9.4426837440e-010,,
1162,9.5035862736e-010,,
1163,9.1236842646e-010,,
1164,9.1825293415e-010,,
1165,8.8154614532e-010,,
1166,8.8723185838e-010,,
1167,8.5176512448e-010,,
1168,8.5725875872e-010,,
1169,8.2299018732e-010,,
1170,8.2829823169e-010,,
1171,7.9518734563e-010,,
1172,8.0031606986e-010,,
1173,7.6832375937e-010,,
1174,7.7327922138e-010,,
1175,7.4236769795e-010,,
1176,7.4715575100e-010,,
1177,7.1728850271e-010,,
1178,7.2191480234e-010,,
1179,6.9305655075e-010,,
1180,6.9752656142e-010,,
1181,6.6964321987e-010,,
1182,6.7396222145e-010,,
1183,6.4702085484e-010,,
1184,6.5119394883e-010,,
1185,6.2516273468e-010,,
1186,6.2919485024e-010,,
1187,6.0404304114e-010,,
1188,6.0793894089e-010,,
1189,5.8363682815e-010,,
1190,5.8740111384e-010,,
1191,5.6391999241e-010,,
1192,5.6755711031e-010,,
1193,5.4486924488e-010,,
1194,5.4838349107e-010,,
1195,5.2646208330e-010,,
1196,5.2985760872e-010,,
1197,5.0867676558e-010,,
1198,5.1195758094e-010,,
1199,4.9149228416e-010,,
1200,4.9466226467e-010,,
1201,4.7488834115e-010,,
1202,4.7795123111e-010,,
1203,4.5884532438e-010,,
1204,4.6180474161e-010,,
1205,4.4334428426e-010,,
1206,4.4620372435e-010,,
1207,4.2836691133e-010,,
1208,4.3112975177e-010,,
1209,4.1389551470e-010,,
1210,4.1656501890e-010,,
1211,3.9991300112e-010,,
1212,4.0249232222e-010,,
1213,3.8640285479e-010,,
1214,3.8889503942e-010,,
1215,3.7334911786e-010,,
1216,3.7575710973e-010,,
1217,3.6073637158e-010,,
1218,3.6306301495e-010,,
1219,3.4854971810e-010,,
1220,3.5079776115e-010,,
1221,3.3677476284e-010,,
1222,3.3894686089e-010,,
1223,3.2539759752e-010,,
1224,3.2749631621e-010,,
1225,3.1440478372e-010,,
1226,3.1643260199e-010,,
1227,3.0378333699e-010,,
1228,3.0574265006e-010,,
1229,2.9352071156e-010,,
1230,2.9541383372e-010,,
1231,2.8360478546e-010,,
1232,2.8543395281e-010,,
1233,2.7402384625e-010,,
1234,2.7579121937e-010,,
1235,2.6476657717e-010,,
1236,2.6647424363e-010,,
1237,2.5582204375e-010,,
1238,2.5747202060e-010,,
1239,2.4717968095e-010,,
1240,2.4877391710e-010,,
1241,2.3882928061e-010,,
1242,2.4036965914e-010,,
1243,2.3076097945e-010,,
1244,2.3224931982e-010,,
1245,2.2296524740e-010,,
1246,2.2440330759e-010,,
1247,2.1543287633e-010,,
1248,2.1682235495e-010,,
1249,2.0815496920e-010,,
1250,2.0949750745e-010,,
1251,2.0112292951e-010,,
1252,2.0242011319e-010,,
1253,1.9432845121e-010,,
1254,1.9558181250e-010,,
1255,1.8776350882e-010,,
1256,1.8897452817e-010,,
1257,1.8142034800e-010,,
1258,1.8259045583e-010,,
1259,1.7529147637e-010,,
1260,1.7642205477e-010,,
1261,1.6936965465e-010,,
1262,1.7046203905e-010,,
1263,1.6364788813e-010,,
1264,1.6470336882e-010,,
1265,1.5811941841e-010,,
1266,1.5913924210e-010,,
1267,1.5277771541e-010,,
1268,1.5376308668e-010,,
1269,1.4761646962e-010,,
1270,1.4856855238e-010,,
1271,1.4262958472e-010,,
1272,1.4354950355e-010,,
1273,1.3781117033e-010,,
1274,1.3870001180e-010,,
1275,1.3315553505e-010,,
1276,1.3401434904e-010,,
1277,1.2865717976e-010,,
1278,1.2948698068e-010,,
1279,1.2431079112e-010,,
1280,1.2511255912e-010,,
1281,1.2011123528e-010,,
1282,1.2088591738e-010,,
1283,1.1605355183e-010,,
1284,1.1680206307e-010,,
1285,1.1213294794e-010,,
1286,1.1285617244e-010,,
1287,1.0834479269e-010,,
1288,1.0904358470e-010,,
1289,1.0468461160e-010,,
1290,1.0535979652e-010,,
1291,1.0114808136e-010,,
1292,1.0180045670e-010,,
1293,9.7731024712e-011,,
